[
	{
		"IdProveedor" : 1,
		"NombreCompania" : "Exotic Liquids",
		"NombreContacto" : "Charlotte Cooper",
		"CargoContacto" : "Gerente de compras",
		"Direccion" : "49 Gilbert St.",
		"Ciudad" : "Londres",
		"Region" : null,
		"CodPostal" : "EC1 4SD",
		"Pais" : "Reino Unido",
		"Telefono" : "(171) 555-2222",
		"Fax" : null,
		"PaginaPrincipal" : null
	},
	{
		"IdProveedor" : 2,
		"NombreCompania" : "New Orleans Cajun Delights",
		"NombreContacto" : "Shelley Burke",
		"CargoContacto" : "Administrador de pedidos",
		"Direccion" : "P.O. Box 78934",
		"Ciudad" : "New Orleans",
		"Region" : "LA",
		"CodPostal" : "70117",
		"Pais" : "Estados Unidos",
		"Telefono" : "(100) 555-4822",
		"Fax" : null,
		"PaginaPrincipal" : null
	},
	{
		"IdProveedor" : 3,
		"NombreCompania" : "Grandma Kelly's Homestead",
		"NombreContacto" : "Regina Murphy",
		"CargoContacto" : "Representante de ventas",
		"Direccion" : "707 Oxford Rd.",
		"Ciudad" : "Ann Arbor",
		"Region" : "MI",
		"CodPostal" : "48104",
		"Pais" : "Estados Unidos",
		"Telefono" : "(313) 555-5735",
		"Fax" : "(313) 555-3349",
		"PaginaPrincipal" : null
	},
	{
		"IdProveedor" : 4,
		"NombreCompania" : "Tokyo Traders",
		"NombreContacto" : "Yoshi Nagase",
		"CargoContacto" : "Gerente de marketing",
		"Direccion" : "9-8 Sekimai\r\nMusashino-shi",
		"Ciudad" : "Tokyo",
		"Region" : null,
		"CodPostal" : "100",
		"Pais" : "Japón",
		"Telefono" : "(03) 3555-5011",
		"Fax" : null,
		"PaginaPrincipal" : null
	},
	{
		"IdProveedor" : 5,
		"NombreCompania" : "Cooperativa de Quesos 'Las Cabras'",
		"NombreContacto" : "Antonio del Valle Saavedra ",
		"CargoContacto" : "Administrador de exportaciones",
		"Direccion" : "Calle del Rosal 4",
		"Ciudad" : "Oviedo",
		"Region" : "Asturias",
		"CodPostal" : "33007",
		"Pais" : "España",
		"Telefono" : "(98) 598 76 54",
		"Fax" : null,
		"PaginaPrincipal" : null
	},
	{
		"IdProveedor" : 6,
		"NombreCompania" : "Mayumi's",
		"NombreContacto" : "Mayumi Ohno",
		"CargoContacto" : "Representante de marketing",
		"Direccion" : "92 Setsuko\r\nChuo-ku",
		"Ciudad" : "Osaka",
		"Region" : null,
		"CodPostal" : "545",
		"Pais" : "Japón",
		"Telefono" : "(06) 431-7877",
		"Fax" : null,
		"PaginaPrincipal" : null
	},
	{
		"IdProveedor" : 7,
		"NombreCompania" : "Pavlova, Ltd.",
		"NombreContacto" : "Ian Devling",
		"CargoContacto" : "Gerente de marketing",
		"Direccion" : "74 Rose St.\r\nMoonie Ponds",
		"Ciudad" : "Melbourne",
		"Region" : "Victoria",
		"CodPostal" : "3058",
		"Pais" : "Australia",
		"Telefono" : "(03) 444-2343",
		"Fax" : "(03) 444-6588",
		"PaginaPrincipal" : null
	},
	{
		"IdProveedor" : 8,
		"NombreCompania" : "Specialty Biscuits, Ltd.",
		"NombreContacto" : "Peter Wilson",
		"CargoContacto" : "Representante de ventas",
		"Direccion" : "29 King's Way",
		"Ciudad" : "Manchester",
		"Region" : null,
		"CodPostal" : "M14 GSD",
		"Pais" : "Reino Unido",
		"Telefono" : "(161) 555-4448",
		"Fax" : null,
		"PaginaPrincipal" : null
	},
	{
		"IdProveedor" : 9,
		"NombreCompania" : "PB Knäckebröd AB",
		"NombreContacto" : "Lars Peterson",
		"CargoContacto" : "Agente de ventas",
		"Direccion" : "Kaloadagatan 13",
		"Ciudad" : "Göteborg",
		"Region" : null,
		"CodPostal" : "S-345 67",
		"Pais" : "Suecia",
		"Telefono" : "031-987 65 43",
		"Fax" : "031-987 65 91",
		"PaginaPrincipal" : null
	},
	{
		"IdProveedor" : 10,
		"NombreCompania" : "Refrescos Americanas LTDA",
		"NombreContacto" : "Carlos Diaz",
		"CargoContacto" : "Gerente de marketing",
		"Direccion" : "Av. das Americanas 12.890",
		"Ciudad" : "São Paulo",
		"Region" : null,
		"CodPostal" : "5442",
		"Pais" : "Brasil",
		"Telefono" : "(11) 555 4640",
		"Fax" : null,
		"PaginaPrincipal" : null
	},
	{
		"IdProveedor" : 11,
		"NombreCompania" : "Heli Süßwaren GmbH & Co. KG",
		"NombreContacto" : "Petra Winkler",
		"CargoContacto" : "Gerente de ventas",
		"Direccion" : "Tiergartenstraße 5",
		"Ciudad" : "Berlín",
		"Region" : null,
		"CodPostal" : "10785",
		"Pais" : "Alemania",
		"Telefono" : "(010) 9984510",
		"Fax" : null,
		"PaginaPrincipal" : null
	},
	{
		"IdProveedor" : 12,
		"NombreCompania" : "Plutzer Lebensmittelgroßmärkte AG",
		"NombreContacto" : "Martin Bein",
		"CargoContacto" : "Ger. marketing internacional",
		"Direccion" : "Bogenallee 51",
		"Ciudad" : "Frankfurt",
		"Region" : null,
		"CodPostal" : "60439",
		"Pais" : "Alemania",
		"Telefono" : "(069) 992755",
		"Fax" : null,
		"PaginaPrincipal" : null
	},
	{
		"IdProveedor" : 13,
		"NombreCompania" : "Nord-Ost-Fisch Handelsgesellschaft mbH",
		"NombreContacto" : "Sven Petersen",
		"CargoContacto" : "Coordinador de mercados",
		"Direccion" : "Frahmredder 112a",
		"Ciudad" : "Cuxhaven",
		"Region" : null,
		"CodPostal" : "27478",
		"Pais" : "Alemania",
		"Telefono" : "(04721) 8713",
		"Fax" : "(04721) 8714",
		"PaginaPrincipal" : null
	},
	{
		"IdProveedor" : 14,
		"NombreCompania" : "Formaggi Fortini s.r.l.",
		"NombreContacto" : "Elio Rossi",
		"CargoContacto" : "Representante de ventas",
		"Direccion" : "Viale Dante, 75",
		"Ciudad" : "Ravenna",
		"Region" : null,
		"CodPostal" : "48100",
		"Pais" : "Italia",
		"Telefono" : "(0544) 60323",
		"Fax" : "(0544) 60603",
		"PaginaPrincipal" : null
	},
	{
		"IdProveedor" : 15,
		"NombreCompania" : "Norske Meierier",
		"NombreContacto" : "Beate Vileid",
		"CargoContacto" : "Gerente de marketing",
		"Direccion" : "Hatlevegen 5",
		"Ciudad" : "Sandvika",
		"Region" : null,
		"CodPostal" : "1320",
		"Pais" : "Noruega",
		"Telefono" : "(0)2-953010",
		"Fax" : null,
		"PaginaPrincipal" : null
	},
	{
		"IdProveedor" : 16,
		"NombreCompania" : "Bigfoot Breweries",
		"NombreContacto" : "Cheryl Saylor",
		"CargoContacto" : "Repr. de cuentas regional",
		"Direccion" : "3400 - 8th Avenue\r\nSuite 210",
		"Ciudad" : "Bend",
		"Region" : "OR",
		"CodPostal" : "97101",
		"Pais" : "Estados Unidos",
		"Telefono" : "(503) 555-9931",
		"Fax" : null,
		"PaginaPrincipal" : null
	},
	{
		"IdProveedor" : 17,
		"NombreCompania" : "Svensk Sjöföda AB",
		"NombreContacto" : "Michael Björn",
		"CargoContacto" : "Representante de ventas",
		"Direccion" : "Brovallavägen 231",
		"Ciudad" : "Stockholm",
		"Region" : null,
		"CodPostal" : "S-123 45",
		"Pais" : "Suecia",
		"Telefono" : "08-123 45 67",
		"Fax" : null,
		"PaginaPrincipal" : null
	},
	{
		"IdProveedor" : 18,
		"NombreCompania" : "Aux joyeux ecclésiastiques",
		"NombreContacto" : "Guylène Nodier",
		"CargoContacto" : "Gerente de ventas",
		"Direccion" : "203, Rue des Francs-Bourgeois",
		"Ciudad" : "París",
		"Region" : null,
		"CodPostal" : "75004",
		"Pais" : "Francia",
		"Telefono" : "(1) 03.83.00.68",
		"Fax" : "(1) 03.83.00.62",
		"PaginaPrincipal" : null
	},
	{
		"IdProveedor" : 19,
		"NombreCompania" : "New England Seafood Cannery",
		"NombreContacto" : "Robb Merchant",
		"CargoContacto" : "Agente de cuentas al por mayor",
		"Direccion" : "Order Processing Dept.\r\n2100 Paul Revere Blvd.",
		"Ciudad" : "Boston",
		"Region" : "MA",
		"CodPostal" : "02134",
		"Pais" : "Estados Unidos",
		"Telefono" : "(617) 555-3267",
		"Fax" : "(617) 555-3389",
		"PaginaPrincipal" : null
	},
	{
		"IdProveedor" : 20,
		"NombreCompania" : "Leka Trading",
		"NombreContacto" : "Chandra Leka",
		"CargoContacto" : "Propietario",
		"Direccion" : "471 Serangoon Loop, Suite #402",
		"Ciudad" : "Singapore",
		"Region" : null,
		"CodPostal" : "0512",
		"Pais" : "Singapur",
		"Telefono" : "555-8787",
		"Fax" : null,
		"PaginaPrincipal" : null
	},
	{
		"IdProveedor" : 21,
		"NombreCompania" : "Lyngbysild",
		"NombreContacto" : "Niels Petersen",
		"CargoContacto" : "Gerente de ventas",
		"Direccion" : "Lyngbysild\r\nFiskebakken 10",
		"Ciudad" : "Lyngby",
		"Region" : null,
		"CodPostal" : "2800",
		"Pais" : "Dinamarca",
		"Telefono" : "43844108",
		"Fax" : "43844115",
		"PaginaPrincipal" : null
	},
	{
		"IdProveedor" : 22,
		"NombreCompania" : "Zaanse Snoepfabriek",
		"NombreContacto" : "Dirk Luchte",
		"CargoContacto" : "Gerente de contabilidad",
		"Direccion" : "Verkoop\r\nRijnweg 22",
		"Ciudad" : "Zaandam",
		"Region" : null,
		"CodPostal" : "9999 ZZ",
		"Pais" : "Holanda",
		"Telefono" : "(12345) 1212",
		"Fax" : "(12345) 1210",
		"PaginaPrincipal" : null
	},
	{
		"IdProveedor" : 23,
		"NombreCompania" : "Karkki Oy",
		"NombreContacto" : "Anne Heikkonen",
		"CargoContacto" : "Gerente de producción",
		"Direccion" : "Valtakatu 12",
		"Ciudad" : "Lappeenranta",
		"Region" : null,
		"CodPostal" : "53120",
		"Pais" : "Finlandia",
		"Telefono" : "(953) 10956",
		"Fax" : null,
		"PaginaPrincipal" : null
	},
	{
		"IdProveedor" : 24,
		"NombreCompania" : "G'day, Mate",
		"NombreContacto" : "Wendy Mackenzie",
		"CargoContacto" : "Representante de ventas",
		"Direccion" : "170 Prince Edward Parade\r\nHunter's Hill",
		"Ciudad" : "Sydney",
		"Region" : "NSW",
		"CodPostal" : "2042",
		"Pais" : "Australia",
		"Telefono" : "(02) 555-5914",
		"Fax" : "(02) 555-4873",
		"PaginaPrincipal" : null
	},
	{
		"IdProveedor" : 25,
		"NombreCompania" : "Ma Maison",
		"NombreContacto" : "Jean-Guy Lauzon",
		"CargoContacto" : "Gerente de marketing",
		"Direccion" : "2960 Rue St. Laurent",
		"Ciudad" : "Montréal",
		"Region" : "Québec",
		"CodPostal" : "H1J 1C3",
		"Pais" : "Canadá",
		"Telefono" : "(514) 555-9022",
		"Fax" : null,
		"PaginaPrincipal" : null
	},
	{
		"IdProveedor" : 26,
		"NombreCompania" : "Pasta Buttini s.r.l.",
		"NombreContacto" : "Giovanni Giudici",
		"CargoContacto" : "Administrador de pedidos",
		"Direccion" : "Via dei Gelsomini, 153",
		"Ciudad" : "Salerno",
		"Region" : null,
		"CodPostal" : "84100",
		"Pais" : "Italia",
		"Telefono" : "(089) 6547665",
		"Fax" : "(089) 6547667",
		"PaginaPrincipal" : null
	},
	{
		"IdProveedor" : 27,
		"NombreCompania" : "Escargots Nouveaux",
		"NombreContacto" : "Marie Delamare",
		"CargoContacto" : "Gerente de ventas",
		"Direccion" : "22, rue H. Voiron",
		"Ciudad" : "Montceau",
		"Region" : null,
		"CodPostal" : "71300",
		"Pais" : "Francia",
		"Telefono" : "85.57.00.07",
		"Fax" : null,
		"PaginaPrincipal" : null
	},
	{
		"IdProveedor" : 28,
		"NombreCompania" : "Gai pâturage",
		"NombreContacto" : "Eliane Noz",
		"CargoContacto" : "Representante de ventas",
		"Direccion" : "Bat. B\r\n3, rue des Alpes",
		"Ciudad" : "Annecy",
		"Region" : null,
		"CodPostal" : "74000",
		"Pais" : "Francia",
		"Telefono" : "38.76.98.06",
		"Fax" : "38.76.98.58",
		"PaginaPrincipal" : null
	},
	{
		"IdProveedor" : 29,
		"NombreCompania" : "Forêts d'érables",
		"NombreContacto" : "Chantal Goulet",
		"CargoContacto" : "Gerente de contabilidad",
		"Direccion" : "148 rue Chasseur",
		"Ciudad" : "Ste-Hyacinthe",
		"Region" : "Québec",
		"CodPostal" : "J2S 7S8",
		"Pais" : "Canadá",
		"Telefono" : "(514) 555-2955",
		"Fax" : "(514) 555-2921",
		"PaginaPrincipal" : null
	}
]
